{
  "movies": [
    {
      "id": 1,
      "image": "https://placehold.co/286x180",
      "title": "Inception",
      "description": "A thief who enters the dreams of others to steal their secrets from their subconscious.",
      "genres": ["Action", "Adventure", "Sci-Fi"],
      "user_rating": 5
    },
    {
      "id": 2,
      "image": "https://placehold.co/286x180",
      "title": "Interstellar",
      "description": "A team of explorers travel through a wormhole in space in an attempt to ensure humanity's survival.",
      "genres": ["Adventure", "Drama", "Sci-Fi"],
      "user_rating": 4
    },
    {
      "id": 3,
      "image": "https://placehold.co/286x180",
      "title": "The Martian",
      "description": "An astronaut is mistakenly presumed dead and left behind on Mars. He uses his ingenuity to survive and signal to Earth that he is alive.",
      "genres": ["Adventure", "Drama", "Sci-Fi"],
      "user_rating": 2
    }
  ]
}